name,address,lat,long,geometry
Catholic Community Services - Seattle,"100 23rd Ave. S., Seattle, WA 98144",47.6011886,-122.30156565,POINT (47.6011886 -122.30156565)
Multi-Service Center- Federal Way,"1200 S. 336th St., Federal Way, WA 98003",47.3007686442953,-122.318042154362,POINT (47.3007686442953 -122.318042154362)
YWCA- Renton,"1010 S. 2nd St., Renton, WA 98057",47.4814093,-122.203563458549,POINT (47.4814093 -122.203563458549)
Solid Ground - North Seattle,"9600 College Way N. Seattle, WA 98103",47.69870805,-122.332551801326,POINT (47.69870805 -122.332551801326)
YMCA Young Adult Services Drop in Center,"2100 24th Ave S, Seattle, WA 98144",47.5841884,-122.301253,POINT (47.5841884 -122.301253)
YouthCare’s James W. Ray Orion Center,"1828 Yale Avenue, Seattle, WA 98101",47.6182332,-122.3303895,POINT (47.6182332 -122.3303895)
Peace for the Streets by Kids from the Streets (PSKS),"1609 19th Avenue, Seattle, WA 98122",47.6155844,-122.3077338,POINT (47.6155844 -122.3077338)
Nexus Youth & Families,"915 H Street SE, Auburn, WA 98002",47.2995776464646,-122.218837787879,POINT (47.2995776464646 -122.218837787879)
Teen Feed,"4740 B University Way NE, Seattle, WA 98105",47.66432385,-122.31273440028,POINT (47.66432385 -122.31273440028)
University District Youth Center,"4516 15th Avenue NE, Seattle, WA 98105",47.66185935,-122.311670474999,POINT (47.66185935 -122.311670474999)
Catholic Community Services - Bellevue,"11061 N.E. 2nd St. Bellevue, WA 98004",47.6114129,-122.192249916315,POINT (47.6114129 -122.192249916315)
New Bethlehem Day Center Kirkland,"11920 N.E. 80th St.Kirkland, WA 98033",47.6758031,-122.18098627459,POINT (47.6758031 -122.18098627459)
New Horizons,"2709 Third Avenue, Seattle, WA 98121",47.6171479,-122.349536087159,POINT (47.6171479 -122.349536087159)
Friends of Youth Redmond,"16225 NE 87th Street, #1, Redmond, WA 98052",47.6797058163265,-122.122910653061,POINT (47.6797058163265 -122.122910653061)
VA Puget Sound Community Outreach and Housing Services (CHOS) Renton Walk-in Clinic,"419 S 2nd Street, Suite 2, Renton, WA 98057",47.4810182,-122.2109979,POINT (47.4810182 -122.2109979)
